Ahwatukee Sports Authority 4820 E Ray Rda Phoenix, AZ 85044
Arrowhead Sports Authority 7360 W Bell Rda Arrowhead Town Center Glendale, AZ 85308
Casa Grande Sports Authority 1004 N Promenade Pkwy, Ste 159a Promenade at Casa Grande Casa Grande, AZ 85194
Mesa Sports Authority 1812 W Rio Salado Pkwya Mesa Riverview Mesa, AZ 85201
Tuscon Circle Sports Authority 7160 E Broadway Blvda Circle Plaza Tucson, AZ 85710
Tuscon Oracle Sports Authority 4225 N Oracle Rda Tucson Fiesta Plaza Tucson, AZ 85705
Tuscon Santa Cruz Sports Authority 5185 S Calle Santa Cruza Spectrum Plaza on Irvington Tucson, AZ 85706
California Sports Authority Store Closing Locationsa Bakersfield Sports Authority 4821 Ming Avea Bakersfield, CA 93309
Redding Sports Authority 1347 Churn Creek Rda Redding, CA 96003
Riverside Sports Authority 3380 Tyler Sta Riverside, CA 92503
Camarillo Sports Authority 351 W Ventura Blvd, Space M-1a Camarillo, CA 93010
Cerritos Sports Authority 11900 South Sta Cerritos, CA 90703
Santa Ana Sports Authority 3900 S Bristol Sta Santa Ana, CA 92704
Corte Madera S.A. Elite 435 Corte Madera Town Center Corte Madera, CA 94925
Topanga Mall S.A. Elite 6600 Topanga Canyon Blvd Unit 2062 Canoga Park, CA 91303
Stockton Sports Authority 10536 Trinity Pkwya Stockton, CA 95219
West L.A.Sports Authority 1919 S Sepulveda Blvda West Los Angeles, CA 90025
Ventura Sports Authority 4870 Telephone Rda Ventura, CA 93003
Canoga Park Sports Authority 21301 Victory Blvda Warner Center Marketplace Canoga Park, CA 91303
Midtown Crossing Sports Authority 4550 W Pico Blvd Ste 305a Los Angeles, CA 90019
Thousand Oaks Sports Authority 145 W Hillcrest Drivea #130 Thousand Oaks, CA 91360
Rancho San Diego Sports Authority 2983 Jamacha Rda El Cajon, CA 92019
Grossmont Sports Authority 5500 Grossmont Center Dra Ste 279 La Mesa, CA 91942
Escondido Sports Authority 1352 W Valley Pkwya Escondido, CA 92029
Walnut Creek Sports Authority 1675 Olympic Blvda Plaza Escuela Walnut Creek, CA 94596
San Luis Obispo Sports Authority 243 Madonna Rda San Luis Obispo, CA 93405
Colorado Sports Authority Store Closing Locationsa S.A. Elite Boulder, CO
Greenwood Village Sports Authority 9000 East Peakview Avenue.a Denvery, CO
The Sports Castle 10th Avenue and Broadway W Denver, CO
Connecticut Sports Authority Liquidation Salesa Bridgeport Sports Authority 4543 Main Sta Bridgeport, CT 06606
Danbury Sports Authority 13 Sugar Hollow Rda Danbury, CT 06810
North Haven Sports Authority 180 Universal Dr Na North Haven, CT 06473
Delaware Sports Authority Brick-and-Mortar Store Closinga Concord Sports Authority 1100 Rocky Run Pkwya Wilmington, DE 19803
Florida Sports Authority Going Out of Business Salesa Fort Myers Sports Authority 2317 Colonial Blvda Fort Myers, FL 33907
Melbourne Sports Authority 1750 Evans Rda Melbourne, FL 32904
Orlando West Sports Authority 7500 W Colonial Dra Orlando, FL 32818
Daytona Beach Sports Authority 1910 W International Speedway Blvda Daytona Beach, FL 32114
Waterford Lakes Sports Authority 610 N Alafaya Traila Waterford Towers Orlando, FL 32828
Tallahassee Sports Authority 1644 Governors Square Blvda Tallahassee, FL 32301
Port Richey Sports Authority 9560 US Highway 19a Embassy Crossings Port Richey, FL 34668
Bradenton Sports Authority 201 Cortez Rd Wa Bradenton, FL 34207
Bonita Springs Sports Authority 8012 Mediterranean Dra Coconut Point Shopping Center Estero, FL 33928
Cypress Lakes Sports Authority 9375 Ben C Pratt Pkwya Colonial Square Town Center Fort Myers, FL 33966
Spring Hill Sports Authority 1417 Wendy Cta Nature Coast Commons Spring Hill, FL 34607
Fowler Sports Authority 1730 E Fowler Avea Tampa, FL 33612
Lakeland Sports Authority 3800 US Highway 98Na Lakeland, FL 33809
North Port Sports Authority 18219 Tamiami Traila North Port, FL 34287
Wellington Sports Authority 820 S State Road 7a Wellington, FL 33414
Port St. Lucie Sports Authority 10648 SW Village Pkwya Port Saint Lucie, FL 34987
Altamonte Springs Sports Authority 380 S State Road 434a West Town Center
Altamonte Springs, FL 32701
Ocala Sports Authority 4039 SW 43rd Street Rda Ocala, FL 34474
Georgia Sports Authority Store Closing Locationsa Hiram Sports Authority 4471 Jimmy Lee Smith Pkwy Ste Ba Hiram, GA 30141
Stone Mountain Sports Authority 4235 Highway 78a Lilburn, GA 30047
Illinois Sports Authority Final Liquidation Salesa Springfield Sports Authority 3211 S Veterans Pkwya Springfield, IL 62704
Water Tower Place Sports Authority 845 North Michigan Avea Chicago, IL 60611
Northbrook Court Sports Authority 2030 Northbrook Cta Northbrook, IL 60062
Calumet City Sports Authority 1510 Torrence Avea Calumet City, IL 60409
Matteson Sports Authority 4832 211th Sta Matteson Square Matteson, IL 60443
Lake Zurich Sports Authority 727 W. Main Sta Lake Zurich, IL 60047
Geneva Sports Authority 1777 S Randall Rda Geneva, IL 60134
Joliet Sports Authority 2700 Plainfield Rda Joliet, IL 60435
Schaumburg Sports Authority 1015 E Golf Rda Schaumburg, IL 60173
Orland Park Sports Authority 9231 W 159th Sta Orland Hills, IL 60487
Kansas Sports Authority Lenexa Sports Authority 12014 W 95th Sta Oak Park Lenexa, KS 66215
Wichita Sports Authority 6959 E 21st St Na Wichita, KS 67206
Maine Sports Authority Auburn Sports Authority 730 Center Sta Auburn, ME 04210
Maryland Sports Authority The Mall in Columbia Sports Authority 10300 Little Patuxent Parkwaya The Mall in Columbia Columbia, MD 21044
Gaithersburg Sports Authority 110 Odendhal Avea Gaithersburg, MD 20877
Waldorf Sports Authority 3326 Crain Hwya Waldorf, MD 20603
Catonsville Sporta Authority 6510 Baltimore National Pike
Pike Park Plaza Baltimore, MD 21228
Massachusetts Sports Authority Framingham Sports Authority 1 Worchester Rda Shopper's World Framingham, MA 01701
Danvers Sports Authority 100 Independence Waya Danvers, MA 01923
Holyoke Sports Authority 50 Holyoke Sta Holyoke, MA 01040
Michigan Sports Authority Clinton Township Sports Authority 33930 S Gratiot Avea Clinton Township, MI 48035
Minnesota Sports Authority Rochester store in Rochestera Missouri Sports Authority Tiffany Springs store in Kansas Citya St. Peters store in St. Peters
Nebraska Sports Authority Omaha South Sports Authority 885 South 72nda Omaha, NE
Omaha Maple Sports Authority 170th and West Maplea Omaha, NE
New Hampshire Sports Authority Nashua Sports Authority 213 Daniel Webster Hwya Royal Ridge Mall Nashua, NH 03060
New Jersey Sports Authority East Brunswick Sports Authority 300 State Route 18a East Brunswick, NJ 08816
Cherry Hill Sports Authority 2139 Route 38a Cherry Hill, NJ 08002
Wayne Sports Authority 81 Willowbrook Blvda Wayne, NJ 07470
Piscataway Sports Authority 1327 Centennial Avea Piscataway, NJ 08854
Manalapan Sports Authority 1327 Centennial Avea Piscataway, NJ 08854
New York Sports Authority Brooklyn Sports Authority 550 Gateway Dra Brooklyn, NY 11239
Bronx Sports Authority 171 W 230th Sta Bronx, NY 10463 Westbury Outlet S.A. Elite 950 Old Country Rd Garden City, NY 11530
Syracuse Sports Authority 9090 Destiny USA Dra Destiny USA Syracuse, NY 13204
Riverhead Sports Authority 1160 Old Country Rda Riverhead, NY 11901
Smithhaven Sports Authority 2110 Nesconset Hwya Stony Brook, NY 11790
Yonkers Sports Authority 750 Central Park Ave Ste 200a Yonkers, NY 10704
Commack Sports Authority 124 Veterans Memorial Hwya King Kullen Plaza Commack, NY 11725
Ohio Sports Authority Dublin Sports Authority 6285 Sawmill Rda Dublin, OH 43017
Reynoldsburg Sports Authority 5819 Chantry Dr.a Columbus, OH 43232
Oregon Sports Authority Sports Authority 2870 S. Sixth Streeta Jefferson Square Mall Klamath Falls, OR
Roseburg Sports Authority 1440 NW Garden Valley Blvda Roseburg, OR 97471
Salem Sports Authority 831 Lancaster Dr NE, Ste 183a Lancaster Mall Salem, OR 97301
Hillsboro Sports Authority 18085 NW Evergreen Pkwya Hillsboro, OR 97006
Pennsylvania Sports Authority Allentown Sports Authority 2180 MacArthur Rd, Bldg Aa Whitehall Square Shopping Center Whitehall, PA 18052
Lower Nazareth Sports Authority 3855 Dryland Waya Lower Nazareth Commons Easton, PA 18045
Tennessee Sports Authority Collierville Sports Authority 10337 E Shelby Dra Collierville, TN 38017
Wolf Creek Sports Authority 2751 Wolfcreek Pkwya Wolf Creek Center Memphis, TN 38133
Texas Sports Authority Going Out of Business Salesa Sports Authority The Woodlandsa 19075 Interstate 45 S, Ste 105 Portofino Shopping Center Shenandoah, TX 77385
Sports Authority The Fountainsa 12730 Fountain Lake Circle Fountains Shopping Center Stafford, TX 77477
Sports Authority Baybrook 1529 W Bay Area Blvda Webster, TX 77598
Sports Authority Southpark 9600 S Interstate 35, Ste Ea Southpark Meadows Austin, TX 78748
Sports Authority Caruth Plazaa 9100 N Central Expy, Ste 123 Caruth Plaza Dallas, TX 75231
Sports Authority Denton 1800 S Loop 288, Ste 240a Denton Crossing Denton, TX 76205
Sports Authority El Paso 801 Sunland Park Dr, Unit 346a Sunland Park
El Paso, TX 79912 Sports Authority Farmers Brancha 4245 Lyndon B Johnson Fwy
Farmers Branch, TX 75244 Sports Authority Hulen 4830 SW Loop 820a Overton Plaza Fort Worth, TX 76109
Sports Authority Frisco 2930 Preston Rd, Ste 200-Ba Stonebriar Center Frisco, TX 75034
Sports Authority Post Oak 2131 Post Oak Blvda Post Oak Center Houston, TX 77056
Sports Authority Mills Road 8625 FM 1960 Rd Wa Houston, TX 77070
Sports Authority Gessner 10225 Katy Fwya Houston, TX 77024
Sports Authority Deerbrook 20416 Highway 59 Na Deerbrook Marketplace Humble, TX 77338
Sports Authority League City 2620 Gulf Freeway Sa Victory Lakes Town Center League City, TX 77573
Sports Authority Legacy 1551 US Highway 287 Na Mansfield Pointe Mansfield, TX 76063
Sports Authority McAllen 3300 E Expressway 83, Ste 600a McAllen, TX 78501
Sports Authority Pasadena 3949 Fairway Plaza Dra Fairway Plaza Pasadena, TX 77505
Sports Authority Pearland 11200 Broadway Sta Pearland Town Center Pearland, TX 77584
Sports Authority West Plano 2201 Preston Rda Plano, TX 75093
Sports Authority East Plano 3300 N Central Expya Plano, TX 75074
Sports Authority Cinco Ranch 5472 W Grand Parkway Southa Richmond, TX 77406
Sports Authority Rockwall 920 Steger Towne Rda Steger Towne Shopping Center Rockwall, TX 75032
Sports Authority Stone Ridge Marketa 21115 US Highway 281 N, Ste 1600 Stone Ridge Market San Antonio, TX 78258
Sports Authority La Plaza Del Nortea 125 NW Loop 410, Ste 240 Plaza Del Norte San Antonio, TX 78216
Utah Sports Authority Redwood Sports Authority 5786 S Redwood Rda Taylorsville, UT 84123
Southtowne Sports Authority 10453 S State Sta Commons at Southtowne Sandy, UT 84070
West Jordan Sports Authority 7682 S. Campus View Drivea West Jordan, UT 84084
Newgate Sports Authority 3651 Wall Avea Newgate Mall Ogden, UT 84405
Virginia Sports Authority Norfolk Sports Authority 5900 E Virginia Beach Blvd Ste 226a Norfolk, VA 23502
Hampton Roads Sports Authority 2106 Coliseum Dra Hampton, VA 23666
Virginia Beach Sports Authority 2720 North Mall Dr Ste 100a Virginia Beach, VA 23452
Sterling Sports Authority 21070 Southbank Sta Sterling, VA 20165
Fredericksburg Sports Authority 1461 Carl D Silver Pkwya Fredericksburg, VA 22401
Puerto Rico Sports Authority Carolina Sports Authority Avenida Jesús M. Fragosoa Carolina, PR 00983
Plaza Las Americas Sports Authority Calle Calaf #525a Hato Rey, PR 00918
Ponce Sports Authority Avenida Rafael 'Churumba' Cordero Santiagoa Ponce, PR 00731
